subject,exercise,wrist,n_reps,rep_dur_s,rmse_deg
S01,Ulnar-Nerve-Glide,LW,16,5.57,4.34
S01,Ulnar-Nerve-Glide,RW,16,5.46,3.08
S01,Forearm-Pronation-Supination,RW,10,3.99,0.85
S01,Forearm-Pronation-Supination,LW,10,3.78,1.58
S01,Front-Delt-Raise,RW,9,4.84,2.96
S01,Front-Delt-Raise,LW,9,4.12,0.73
S01,Lateral-Delt-Raise,RW,11,3.54,1.5
S01,Lateral-Delt-Raise,LW,11,3.5,0.81
S01,Scapular,RW,12,3.31,0.79
S01,Scapular,LW,12,3.26,0.72
S01,Bicep-Curl,LW,10,3.97,2.0
S01,Bicep-Curl,RW,10,3.7,1.02
S01,Scaption,LW,9,4.33,0.86
S01,Scaption,RW,9,4.44,0.71
S01,One-Arm-Tricep-Extension,RW,12,3.21,1.02
S01,External-Rotation,LW,3,3.22,0.86
S01,External-Rotation,RW,9,3.05,0.5
S01,Wand-Extension,LW,19,2.05,0.41
S01,Wand-Extension,RW,19,2.03,0.51
S01,Wand-Flexion,RW,9,2.91,1.28
S01,Wand-Extension,LW,9,2.98,1.83
S02,Bicep-Curl,RW,7,5.91,20.63
S02,Bicep-Curl,LW,7,5.93,3.96
S02,Ulnar-Nerve-Glide,RW,10,8.91,1.84
S02,Ulnar-Nerve-Glide,LW,9,8.88,1.03
S02,Forearm-Pronation-Supination,LW,7,5.0,0.74
S02,Forearm-Pronation-Supination,RW,7,5.03,1.0
S02,Wand-Extension,RW,12,3.42,1.47
S02,Wand-Extension,LW,12,3.37,0.32
S02,Wand-Flexion,LW,5,5.26,2.24
S02,Wand-Flexion,RW,5,5.25,2.59
S02,Front-Delt-Raise,RW,8,4.97,1.85
S02,Front-Delt-Raise,LW,8,5.03,0.94
S02,Lateral-Delt-Raise,RW,7,5.78,0.76
S02,Lateral-Delt-Raise,LW,7,5.15,0.54
S02,Scaption,LW,9,4.4,1.47
S02,Scaption,RW,9,4.32,1.45
S02,Scapular,LW,10,3.8,0.7
S02,Scapular,RW,10,3.98,1.09
S02,External-Rotation,RW,14,2.69,0.37
S02,External-Rotation,LW,13,2.81,0.43
S02,Banded-Overhead-Reach,RW,11,7.57,0.76
S02,One-Arm-Tricep-Extension,RW,8,4.64,0.76
S03,Ulnar-Nerve-Glide,RW,11,7.44,0.92
S03,Forearm-Pronation-Supination,RW,8,4.53,0.76
S03,Forearm-Pronation-Supination,LW,8,4.53,1.02
S03,Ulnar-Nerve-Glide,LW,11,7.58,20.38
S03,Front-Delt-Raise,LW,8,5.21,0.82
S03,Front-Delt-Raise,RW,8,4.99,0.86
S03,Lateral-Delt-Raise,RW,8,4.99,0.7
S03,Lateral-Delt-Raise,LW,8,4.79,0.77
S03,Scapular,RW,8,3.31,0.92
S03,Scapular,LW,9,3.31,1.03
S03,Bicep-Curl,RW,10,3.9,1.02
S03,Bicep-Curl,LW,10,3.97,1.97
S03,Wand-Extension,RW,18,2.16,0.45
S03,Wand-Extension,LW,18,2.21,0.33
S03,Wand-Flexion,LW,9,3.15,1.63
S03,Wand-Flexion,RW,9,3.1,1.36
S03,Scaption,LW,13,2.87,1.46
S03,Scaption,RW,13,2.93,1.06
S03,One-Arm-Tricep-Extension,RW,12,3.48,0.95
S03,External-Rotation,LW,10,3.62,5.0
S03,External-Rotation,RW,10,3.63,0.27
S03,Banded-Overhead-Reach,RW,14,6.21,1.33
S04,Scapular,LW,16,2.45,1.18
S04,Scapular,RW,16,2.5,1.06
S04,Ulnar-Nerve-Glide,LW,14,6.34,1.92
S04,Ulnar-Nerve-Glide,RW,14,6.36,1.38
S04,Forearm-Pronation-Supination,RW,12,3.2,1.33
S04,Forearm-Pronation-Supination,LW,12,3.13,1.24
S04,Front-Delt-Raise,RW,11,3.22,0.77
S04,Front-Delt-Raise,LW,12,3.33,0.92
S04,Lateral-Delt-Raise,RW,10,3.8,0.67
S04,Lateral-Delt-Raise,LW,10,3.94,0.72
S04,Bicep-Curl,LW,8,4.75,1.07
S04,Bicep-Curl,RW,8,4.9,1.25
S04,Wand-Extension,RW,16,2.53,0.34
S04,Wand-Extension,LW,16,2.45,0.62
S04,Wand-Flexion,RW,10,2.87,1.65
S04,Wand-Flexion,LW,10,2.97,1.2
S04,Scaption,RW,9,4.4,0.97
S04,Scaption,LW,9,4.57,1.14
S04,External-Rotation,RW,21,1.67,1.47
S04,External-Rotation,LW,13,3.3,1.23
S04,One-Arm-Tricep-Extension,RW,10,3.75,1.28
S04,Banded-Overhead-Reach,RW,27,3.39,1.82
S05,Bicep-Curl,RW,10,3.83,1.3
S05,Bicep-Curl,LW,10,4.09,1.29
S05,Ulnar-Nerve-Glide,LW,11,8.48,1.14
S05,Ulnar-Nerve-Glide,RW,11,8.37,1.23
S05,Forearm-Pronation-Supination,LW,6,6.93,1.09
S05,Forearm-Pronation-Supination,RW,6,6.02,0.83
S05,Wand-Extension,LW,13,2.89,1.01
S05,Wand-Extension,RW,13,2.95,0.72
S05,Front-Delt-Raise,RW,9,4.4,1.53
S05,Front-Delt-Raise,LW,9,4.43,2.84
S05,Lateral-Delt-Raise,LW,8,4.59,1.43
S05,Lateral-Delt-Raise,RW,8,4.62,1.16
S05,Scaption,LW,8,4.68,0.94
S05,Scaption,RW,8,5.07,1.38
S05,Scapular,RW,9,4.44,3.47
S05,Scapular,LW,9,4.21,2.33
S05,External-Rotation,LW,4,6.62,1.04
S05,External-Rotation,RW,6,6.57,1.09
S05,Wand-Flexion,RW,7,3.87,2.61
S05,Wand-Flexion,LW,7,3.92,2.08
S05,One-Arm-Tricep-Extension,RW,7,5.58,0.96
S05,Banded-Overhead-Reach,RW,9,9.4,3.67
S06,Scapular,RW,9,3.97,1.19
S06,Scapular,LW,9,3.88,0.62
S06,Ulnar-Nerve-Glide,RW,16,5.64,1.29
S06,Ulnar-Nerve-Glide,LW,16,5.64,1.96
S06,Forearm-Pronation-Supination,RW,9,4.36,0.76
S06,Forearm-Pronation-Supination,LW,10,4.34,1.11
S06,Front-Delt-Raise,RW,8,4.63,0.65
S06,Front-Delt-Raise,LW,8,4.73,0.97
S06,Lateral-Delt-Raise,LW,8,4.98,0.96
S06,Lateral-Delt-Raise,RW,8,4.93,0.75
S06,Bicep-Curl,RW,7,4.97,1.47
S06,Bicep-Curl,LW,7,5.3,1.19
S06,Wand-Extension,RW,18,2.1,0.72
S06,Wand-Extension,LW,18,2.11,0.61
S06,Wand-Flexion,RW,7,4.18,0.99
S06,Wand-Flexion,LW,7,4.23,0.95
S06,Scaption,RW,8,4.81,1.01
S06,Scaption,LW,8,4.8,1.56
S06,External-Rotation,RW,11,3.48,0.49
S06,External-Rotation,LW,9,3.62,0.78
S06,One-Arm-Tricep-Extension,RW,9,4.0,0.85
S06,Banded-Overhead-Reach,RW,15,5.59,2.36
S07,Ulnar-Nerve-Glide,LW,18,4.83,1.41
S07,Ulnar-Nerve-Glide,RW,18,4.68,1.4
S07,Forearm-Pronation-Supination,RW,8,4.74,0.82
S07,Forearm-Pronation-Supination,LW,8,4.84,0.95
S07,Front-Delt-Raise,RW,11,3.66,2.11
S07,Front-Delt-Raise,LW,11,3.36,0.81
S07,Lateral-Delt-Raise,RW,11,3.38,0.98
S07,Lateral-Delt-Raise,LW,11,3.45,1.54
S07,Scapular,RW,11,3.45,1.78
S07,Scapular,LW,11,3.31,1.44
S07,Bicep-Curl,LW,10,3.79,1.4
S07,Bicep-Curl,RW,10,3.99,2.95
S07,Wand-Extension,RW,12,2.63,0.5
S07,Wand-Extension,LW,16,2.39,0.42
S07,Wand-Flexion,RW,6,4.6,1.86
S07,Wand-Flexion,LW,6,4.43,1.94
S07,Scaption,LW,11,3.49,0.94
S07,Scaption,RW,11,3.46,1.07
S07,External-Rotation,LW,6,6.67,1.11
S07,External-Rotation,RW,5,5.93,0.56
S07,Banded-Overhead-Reach,RW,26,3.25,0.72
S08,Ulnar-Nerve-Glide,LW,13,6.94,1.19
S08,Ulnar-Nerve-Glide,RW,13,6.92,1.21
S08,Forearm-Pronation-Supination,LW,10,4.06,1.0
S08,Forearm-Pronation-Supination,RW,10,3.93,1.15
S08,Front-Delt-Raise,RW,10,3.71,2.23
S08,Front-Delt-Raise,LW,11,3.71,3.13
S08,Lateral-Delt-Raise,LW,8,4.42,2.32
S08,Lateral-Delt-Raise,RW,8,4.81,0.79
S08,Scapular,RW,9,4.23,1.36
S08,Scapular,LW,9,4.61,2.86
S08,Bicep-Curl,RW,8,4.59,1.9
S08,Bicep-Curl,LW,8,4.62,1.1
S08,Wand-Extension,LW,9,4.49,1.33
S08,Wand-Extension,RW,9,4.5,0.68
S08,Wand-Flexion,LW,5,5.97,0.77
S08,Wand-Flexion,RW,5,6.07,0.67
S08,Scaption,RW,7,5.95,0.78
S08,Scaption,LW,7,5.37,1.44
S08,External-Rotation,LW,7,5.52,1.55
S08,External-Rotation,RW,3,10.25,1.65
S08,One-Arm-Tricep-Extension,RW,7,5.16,1.24
S08,Banded-Overhead-Reach,RW,8,11.86,2.57
S09,Ulnar-Nerve-Glide,RW,19,4.53,1.63
S09,Ulnar-Nerve-Glide,LW,19,4.55,20.59
S09,Forearm-Pronation-Supination,RW,9,4.03,1.34
S09,Forearm-Pronation-Supination,LW,9,3.88,2.21
S09,Front-Delt-Raise,RW,9,4.11,0.81
S09,Front-Delt-Raise,LW,9,4.1,1.07
S09,Lateral-Delt-Raise,RW,10,3.74,1.5
S09,Lateral-Delt-Raise,LW,10,3.61,1.72
S09,Scapular,LW,12,3.05,1.2
S09,Scapular,RW,13,3.11,0.96
S09,Bicep-Curl,RW,6,6.59,1.27
S09,Bicep-Curl,LW,6,6.58,1.43
S09,Wand-Extension,LW,19,1.97,0.53
S09,Wand-Extension,RW,19,2.07,0.42
S09,Wand-Flexion,LW,6,4.82,2.96
S09,Wand-Flexion,RW,6,5.79,3.39
S09,Scaption,RW,7,5.1,0.88
S09,Scaption,LW,7,5.51,0.94
S09,External-Rotation,RW,13,2.4,0.58
S09,External-Rotation,LW,12,3.02,0.6
S09,One-Arm-Tricep-Extension,RW,6,6.75,1.35
S09,Banded-Overhead-Reach,RW,13,7.07,1.12
S10,Scapular,LW,9,3.98,0.78
S10,Scapular,RW,9,4.13,1.02
S10,Front-Delt-Raise,LW,9,4.31,2.32
S10,Front-Delt-Raise,RW,9,4.15,1.19
S10,Lateral-Delt-Raise,LW,10,3.8,1.54
S10,Lateral-Delt-Raise,RW,10,3.79,0.76
S10,Ulnar-Nerve-Glide,RW,14,6.31,2.75
S10,Ulnar-Nerve-Glide,LW,14,6.17,1.57
S10,Forearm-Pronation-Supination,LW,9,4.37,1.19
S10,Forearm-Pronation-Supination,RW,9,4.15,0.99
S10,Bicep-Curl,LW,7,5.4,2.38
S10,Bicep-Curl,RW,7,5.27,21.13
S10,Scaption,RW,8,4.36,1.61
S10,Scaption,LW,8,4.5,1.05
S10,Wand-Extension,RW,15,2.71,1.24
S10,Wand-Extension,LW,15,2.52,1.03
S10,Wand-Flexion,LW,6,4.44,2.67
S10,Wand-Flexion,RW,6,4.18,2.45
S10,External-Rotation,LW,8,4.69,0.67
S10,External-Rotation,RW,8,4.36,1.18
S10,One-Arm-Tricep-Extension,RW,8,4.59,2.19
S10,Banded-Overhead-Reach,RW,15,5.64,1.01
S11,Ulnar-Nerve-Glide,LW,18,5.11,1.58
S11,Ulnar-Nerve-Glide,RW,18,4.95,0.95
S11,Forearm-Pronation-Supination,RW,10,3.76,0.74
S11,Forearm-Pronation-Supination,LW,10,3.66,0.96
S11,Front-Delt-Raise,RW,9,4.37,0.79
S11,Front-Delt-Raise,LW,9,4.49,0.74
S11,Lateral-Delt-Raise,RW,9,4.37,0.65
S11,Lateral-Delt-Raise,LW,9,4.4,0.78
S11,Scapular,RW,9,4.31,0.74
S11,Scapular,LW,9,4.14,0.69
S11,Bicep-Curl,RW,7,5.53,2.41
S11,Bicep-Curl,LW,7,5.42,1.72
S11,Scaption,LW,8,5.08,1.08
S11,Scaption,RW,8,4.93,1.9
S11,Wand-Extension,LW,15,2.72,0.49
S11,Wand-Extension,RW,15,2.57,0.42
S11,Wand-Flexion,RW,5,5.38,1.11
S11,Wand-Flexion,LW,5,5.48,1.17
S11,External-Rotation,RW,12,2.35,0.53
S11,External-Rotation,LW,12,3.79,0.49
S11,Banded-Overhead-Reach,RW,16,6.2,1.59
